{"pred": [[0.1758030503988266, 0.153936967253685, 0.09211716055870056, 0.0979553759098053, 0.23002460598945618, 0.25016289949417114], [0.056838374584913254, 0.012250623665750027, 0.03396802768111229, 0.012933834455907345, 0.8605165481567383, 0.023492619395256042], [0.12554489076137543, 0.012384206056594849, 0.0056793708354234695, 0.08322805911302567, 0.7505611777305603, 0.02260223589837551], [0.01817384921014309, 0.005268216598778963, 0.015198604203760624, 0.04313969984650612, 0.9111052751541138, 0.0071144369430840015]], "real": [[0.0, 1.0, 0.0, 0.0, 0.0, 0.0], [0.0, 0.0, 0.0, 0.0, 1.0, 0.0], [0.0, 0.0, 0.0, 1.0, 0.0, 0.0], [0.0, 0.0, 0.0, 1.0, 0.0, 0.0]]}