{"loss": 1.589958906173706, "accuracy": 0.0, "precision": 0.0, "auc": 0.7562500238418579, "false_negatives": 4.0}