{"pred": [[0.5237335562705994, 0.13725586235523224, 0.1703210026025772, 0.05573062598705292, 0.0460079126060009, 0.06695107370615005], [0.0834246352314949, 0.1620214581489563, 0.289661705493927, 0.027226068079471588, 0.40818876028060913, 0.029477372765541077], [0.21373043954372406, 0.04781799763441086, 0.4962431788444519, 0.04002799093723297, 0.1767524778842926, 0.025427961722016335], [0.2740349769592285, 0.21455934643745422, 0.030283495783805847, 0.13932891190052032, 0.04566911235451698, 0.2961242198944092]], "real": [[0.0, 0.0, 0.0, 0.0, 0.0, 1.0], [0.0, 0.0, 0.0, 0.0, 1.0, 0.0], [1.0, 0.0, 0.0, 0.0, 0.0, 0.0], [0.0, 0.0, 0.0, 0.0, 0.0, 1.0]]}